{
    "position_in_meters": {
        "x": 0.37520555471027006,
        "y": 0.0501711049008286,
        "z": 0.9484982441530332
    },
    "rotation_euler_xyz_in_radians": {
        "roll": 3.095603976502406,
        "pitch": 0.0366679494092641,
        "yaw": -3.1055961687550107
    }
}